City_ID,City,Lat,Lng,Max Temp,Humidity,Cloudiness,Wind Speed,Country,Date
0,blackmans bay,-43.0167,147.3167,11.52,78,30,0.45,AU,1709588918
1,bodo,67.28,14.405,1.86,78,38,6.35,NO,1709588918
2,keflavik,64.0049,-22.5624,5.67,81,92,9.21,IS,1709588918
3,port-aux-francais,-49.35,70.2167,6.69,80,93,14.99,TF,1709588918
4,palo santo,-25.5633,-59.3378,25.98,79,96,0.06,AR,1709588919
5,harper,4.375,-7.7169,27.39,87,47,3.74,LR,1709588919
6,edinburgh of the seven seas,-37.0676,-12.3116,17.52,90,97,11.17,SH,1709588919
7,mahibadhoo,3.7833,72.9667,27.7,73,54,4.46,MV,1709588920
8,waitangi,-43.9535,-176.5597,18.23,78,99,3.58,NZ,1709588920
9,punta arenas,-53.15,-70.9167,15.06,58,100,1.7,CL,1709588920
10,tazovsky,67.4667,78.7,-19.66,98,100,2.8,RU,1709588921
11,college,64.8569,-147.8028,-7.18,44,98,1.22,US,1709588921
12,kanniyakumari,8.0833,77.5667,25.58,70,47,3.92,IN,1709588921
13,west island,-12.1568,96.8225,26.69,86,96,7.06,CC,1709588921
14,alice springs,-23.7,133.8833,27.79,53,45,2.26,AU,1709588790
15,codrington,-38.2667,141.9667,16.93,36,17,2.64,AU,1709588922
16,bethel,41.3712,-73.414,13.76,71,80,0.45,US,1709588922
17,isafjordur,66.0755,-23.124,1.68,91,85,2.94,IS,1709588922
18,la passe,45.5549,-0.8967,7.23,82,62,7.12,FR,1709588922
19,albany,42.6001,-73.9662,14.54,72,82,0.89,US,1709588855
20,yellowknife,62.456,-114.3525,-19.21,72,100,2.81,CA,1709588896
21,adamstown,-25.066,-130.1015,24.66,73,50,10.08,PN,1709588923
22,brookings,44.3114,-96.7984,5.06,47,83,1.79,US,1709588924
23,genhe,50.7833,121.5167,-29.2,100,100,0.63,CN,1709588925
24,serrinha,-11.6642,-39.0075,25.48,78,81,4.07,BR,1709588925
25,nuku'alofa,-21.1333,-175.2,27.71,71,63,6.1,TO,1709588925
26,longyearbyen,78.2186,15.6401,-6.91,97,61,1.99,SJ,1709588833
27,san carlos del zulia,9.0,-71.9135,31.62,52,9,4.81,VE,1709588926
28,iqaluit,63.7506,-68.5145,-33.26,90,14,4.2,CA,1709588926
29,itabirito,-20.2533,-43.8014,20.21,92,8,0.72,BR,1709588926
30,kavaratti,10.5669,72.642,27.74,72,34,6.06,IN,1709588926
31,bayanhongor,46.7167,100.1167,-26.28,94,59,1.84,MN,1709588927
32,saldanha,-33.0117,17.9442,17.71,80,1,4.36,ZA,1709588927
33,anadyr,64.75,177.4833,-11.11,78,100,12.96,RU,1709588927
34,grytviken,-54.2811,-36.5092,1.97,94,100,8.2,GS,1709588928
35,pacific grove,36.6177,-121.9166,15.79,62,100,2.68,US,1709588928
36,whitehorse,60.7161,-135.0538,-14.43,52,93,1.79,CA,1709588928
37,tiksi,71.6872,128.8694,-22.17,100,100,1.79,RU,1709588928
38,puerto natales,-51.7236,-72.4875,11.56,91,94,1.09,CL,1709588929
39,mount pearl,47.5166,-52.7813,-3.91,71,3,1.34,CA,1709588929
40,san pablo villa de mitla,16.9167,-96.4,29.84,22,19,3.22,MX,1709588929
41,ushuaia,-54.8,-68.3,13.07,70,74,3.26,AR,1709588929
42,bom jesus,-9.0744,-44.3586,23.91,92,100,1.05,BR,1709588931
43,san matias,-16.3667,-58.4,29.61,64,100,1.31,BO,1709588931
44,maraba,-5.3686,-49.1178,22.64,99,100,0.38,BR,1709588931
45,port alfred,-33.5906,26.891,19.54,100,99,0.89,ZA,1709588931
46,tofol,5.3248,163.0078,27.96,77,94,9.74,FM,1709588931
47,kitimat,54.0524,-128.6534,-1.29,46,0,1.79,CA,1709588932
48,lazaro cardenas,17.9583,-102.2,27.85,53,100,5.3,MX,1709588932
49,manado,1.487,124.8455,25.17,94,99,2.09,ID,1709588932
50,zouerate,22.7187,-12.4521,19.13,31,0,2.55,MR,1709588933
51,gibong,11.8634,122.0394,25.19,79,40,6.37,PH,1709588933
52,hermanus,-34.4187,19.2345,15.45,81,83,6.56,ZA,1709588934
53,bredasdorp,-34.5322,20.0403,17.32,81,95,8.1,ZA,1709588934
54,new norfolk,-42.7826,147.0587,12.18,67,34,1.5,AU,1709588934
55,gonzales,30.2385,-90.9201,21.66,75,96,3.36,US,1709588934
56,ribeira grande,38.5167,-28.7,12.1,82,94,3.13,PT,1709588935
57,wailua homesteads,22.0669,-159.378,23.19,89,38,2.24,US,1709588935
58,necochea,-38.5473,-58.7368,16.74,56,22,8.98,AR,1709588935
59,saint-philippe,-21.3585,55.7679,26.37,87,98,4.35,RE,1709588935
60,novodvinsk,64.4165,40.8122,-4.58,96,89,1.52,RU,1709588935
61,padangsidempuan,1.3667,99.2667,22.73,98,100,0.8,ID,1709588936
62,port hedland,-20.3167,118.5667,27.4,85,100,2.78,AU,1709588936
63,udachny,66.4167,112.4,-22.71,100,99,1.37,RU,1709588936
64,malango,-2.9627,119.9001,19.71,96,85,1.01,ID,1709588936
65,port elizabeth,-33.918,25.5701,17.83,92,85,1.34,ZA,1709588936
66,praia da vitoria,38.7333,-27.0667,13.2,77,57,3.16,PT,1709588937
67,alamos,27.0167,-108.9333,27.97,11,0,3.26,MX,1709588937
68,hassi messaoud,31.6804,6.0729,14.53,29,0,2.51,DZ,1709588937
69,alma,48.5501,-71.6491,1.12,78,100,4.15,CA,1709588937
70,labytnangi,66.6572,66.4183,-24.19,93,44,1.91,RU,1709588938
71,lebu,-37.6167,-73.65,14.57,75,0,7.24,CL,1709588844
72,talnakh,69.4865,88.3972,-18.54,95,86,2.17,RU,1709588938
73,granja,-3.1203,-40.8261,24.87,89,73,1.62,BR,1709588939
74,san patricio,28.017,-97.5169,26.76,68,100,5.0,US,1709588939
75,arraial do cabo,-22.9661,-42.0278,25.27,88,0,6.86,BR,1709588939
76,invercargill,-46.4,168.35,7.23,85,100,8.49,NZ,1709588940
77,alaghsas,17.0187,8.0168,28.19,9,6,3.09,NE,1709588940
78,qamdo,31.1667,97.2333,-5.66,67,69,2.45,CN,1709588940
79,karratha,-20.7377,116.8463,27.05,81,66,1.68,AU,1709588940
80,harstad,68.799,16.5293,0.64,78,25,3.1,NO,1709588941
81,margaret river,-33.95,115.0667,12.79,90,2,4.08,AU,1709588941
82,hamilton,39.1834,-84.5333,21.89,74,55,3.12,US,1709588834
83,sangkhla buri,15.1555,98.4536,19.5,75,100,0.67,TH,1709588941
84,nar'yan-mar,67.6713,53.087,-15.95,98,86,3.48,RU,1709588942
85,natitingou,10.3042,1.3796,33.0,26,99,1.57,BJ,1709588942
86,lamu,-2.2717,40.902,28.11,82,100,4.7,KE,1709588942
87,port mathurin,-19.6833,63.4167,26.35,80,44,7.17,MU,1709588942
88,berdigestyakh,62.0989,126.6992,-21.49,100,100,0.61,RU,1709588943
89,taoyuan city,24.9937,121.297,20.0,85,26,1.34,TW,1709588943
90,sambava,-14.2667,50.1667,25.58,89,100,2.32,MG,1709588944
91,ghanzi,-21.5667,21.7833,26.45,26,25,3.55,BW,1709588944
92,chala,-7.5833,31.2667,15.12,95,100,0.43,TZ,1709588944
93,utrik,11.2278,169.8474,26.48,79,65,10.21,MH,1709588944
94,minas de marcona,-15.2119,-75.1103,20.67,76,100,6.97,PE,1709588946
95,al ghayzah,16.2079,52.176,24.07,81,13,5.37,YE,1709588946
96,bargaal,11.2864,51.0773,25.6,81,58,2.29,SO,1709588687
97,didwana,27.4,74.5667,11.37,26,45,4.19,IN,1709588947
98,puerto ayora,-0.7393,-90.3518,26.97,90,9,4.92,EC,1709588947
99,nuevitas,21.5453,-77.2644,26.32,69,42,5.73,CU,1709588947
100,masterton,-40.9597,175.6575,16.72,60,44,7.51,NZ,1709588947
101,granada,37.25,-3.25,7.7,82,100,3.06,ES,1709588948
102,tobruk,32.0836,23.9764,18.89,35,0,7.57,LY,1709588948
103,san antonio de pale,-1.4014,5.6325,28.67,77,82,3.44,GQ,1709588948
104,bubaque,11.2833,-15.8333,25.73,67,11,6.13,GW,1709588949
105,gaspe,48.8334,-64.4819,-4.07,80,99,2.65,CA,1709588949
106,kogalym,62.2654,74.4791,-11.86,95,100,7.82,RU,1709588949
107,ulsteinvik,62.3432,5.8487,4.22,87,13,3.26,NO,1709588949
108,thompson,55.7435,-97.8558,-14.54,90,100,4.35,CA,1709588949
109,antalaha,-14.9003,50.2788,25.33,91,100,1.84,MG,1709588950
110,ishikawa,26.4233,127.8214,22.97,88,30,7.15,JP,1709588951
111,hotan,37.0997,79.9269,2.22,57,100,2.32,CN,1709588951
112,remire-montjoly,4.9167,-52.2667,26.5,82,100,3.82,GF,1709588952
113,happy valley-goose bay,53.3168,-60.3315,-11.09,82,48,1.62,CA,1709588952
114,mulayjah,27.271,48.4242,17.73,37,0,2.55,SA,1709588952
115,cajaruro,-5.7364,-78.4256,31.86,55,83,2.81,PE,1709588952
116,richards bay,-28.783,32.0377,24.94,77,41,7.18,ZA,1709588952
117,shakawe,-18.3667,21.85,24.58,41,75,2.73,BW,1709588953
118,betio village,1.358,172.9211,28.23,81,100,7.33,KI,1709588953
119,boende,-0.2167,20.8667,24.45,82,82,1.28,CD,1709588953
120,labrador city,52.9463,-66.9114,-10.46,61,100,3.46,CA,1709588953
121,crane,31.3974,-102.3501,24.86,13,74,8.17,US,1709588954
122,jamestown,42.097,-79.2353,17.35,63,33,5.12,US,1709588949
123,chibougamau,49.9168,-74.3659,1.54,95,100,4.71,CA,1709588954
124,cabedelo,-6.9811,-34.8339,28.31,75,55,3.73,BR,1709588954
125,nemuro,43.3236,145.575,-5.57,71,4,4.31,JP,1709588954
126,papatowai,-46.5619,169.4708,7.26,81,100,10.63,NZ,1709588955
127,rancho palos verdes,33.7445,-118.387,19.66,67,12,3.58,US,1709588955
128,skovorodino,53.9833,123.9167,-28.27,100,31,1.01,RU,1709588955
129,damara,4.9608,18.7035,29.81,34,12,0.96,CF,1709588955
130,saipan,15.1355,145.701,26.24,80,28,7.32,MP,1709588956
131,sechura,-5.5569,-80.8222,28.69,60,73,7.89,PE,1709588956
132,tosontsengel,48.7567,98.2839,-29.44,99,100,0.32,MN,1709588956
133,columbus,39.9612,-82.9988,23.6,49,81,2.24,US,1709588777
134,stanley,54.868,-1.6985,6.27,86,100,6.39,GB,1709588957
135,avarua,-21.2078,-159.775,27.31,76,13,6.98,CK,1709588957
136,lospalos,-8.5186,127.0025,24.14,89,100,0.17,TL,1709588957
137,badger,64.8,-147.5333,-7.23,44,98,1.0,US,1709588957
138,katsuura,35.1333,140.3,10.09,75,100,7.79,JP,1709588957
139,natal,-5.795,-35.2094,27.8,74,77,3.03,BR,1709588958
140,aswan,24.0934,32.907,20.21,18,0,4.79,EG,1709588958
141,vilyuysk,63.7553,121.6247,-19.84,99,100,1.59,RU,1709588958
142,ilulissat,69.2167,-51.1,-24.29,82,64,1.98,GL,1709588959
143,qaqortoq,60.7167,-46.0333,-16.2,76,21,2.77,GL,1709588959
144,ati,13.2154,18.3353,29.19,10,1,5.32,TD,1709588959
145,northam,51.0333,-4.2167,5.92,94,98,5.94,GB,1709588959
146,palapye,-22.546,27.1251,23.56,45,0,2.45,BW,1709588960
147,kaliningrad,54.7065,20.511,4.09,88,95,5.35,RU,1709588960
148,kapa'a,22.0752,-159.319,23.94,74,23,2.24,US,1709588960
149,puerto aysen,-45.4,-72.7,17.84,82,94,0.82,CL,1709588960
150,petropavlovsk-kamchatsky,53.0452,158.6483,-9.29,81,52,3.71,RU,1709588961
151,olonkinbyen,70.9221,-8.7187,0.95,99,100,6.59,SJ,1709588961
152,hirara,24.8,125.2833,23.24,86,0,7.55,JP,1709588961
153,tamanrasset,22.785,5.5228,16.99,13,0,2.87,DZ,1709588961
154,kununurra,-15.7667,128.7333,26.07,87,100,0.47,AU,1709588962
155,chonchi,-42.6128,-73.8092,18.89,48,4,0.52,CL,1709588850
156,namp'o,38.7375,125.4078,1.71,46,100,1.92,KP,1709588962
157,alexandria,31.2156,29.9553,14.44,79,0,3.13,EG,1709588748
158,kongolo,-5.3833,27.0,22.43,96,93,0.5,CD,1709588962
159,carnarvon,-24.8667,113.6333,24.53,74,0,9.58,AU,1709588963
160,menaka,15.9182,2.4022,30.25,9,10,4.62,ML,1709588963
161,vorgashor,67.5833,63.95,-21.7,100,86,2.26,RU,1709588963
162,hithadhoo,-0.6,73.0833,28.32,76,60,5.24,MV,1709588963
163,coruripe,-10.1256,-36.1756,27.62,79,2,5.57,BR,1709588964
164,fale old settlement,-9.3852,-171.2468,28.8,77,65,4.14,TK,1709588964
165,constitucion,-35.3333,-72.4167,18.86,60,1,6.4,CL,1709588964
166,lata,40.1629,-8.3327,10.04,94,40,1.3,PT,1709588964
167,ust'-kut,56.7938,105.7672,-11.87,97,100,1.55,RU,1709588965
168,soe,-9.8607,124.284,20.23,94,99,1.05,ID,1709588965
169,san ciro de acosta,21.6333,-99.8167,37.46,10,22,3.95,MX,1709588965
170,whakatane,-37.9585,176.9854,18.62,79,85,1.79,NZ,1709588965
171,ola,59.5833,151.2833,-12.18,79,100,2.66,RU,1709588965
172,dul'durga,50.6761,113.5931,-19.97,96,19,1.61,RU,1709588966
173,loikaw,19.6742,97.2094,17.56,33,0,1.52,MM,1709588966
174,klyuchi,52.2667,79.1667,-10.98,95,99,4.54,RU,1709588966
175,caussade,44.1608,1.5391,6.13,93,95,1.64,FR,1709588967
176,byram,32.1793,-90.2454,22.92,80,89,4.0,US,1709588967
177,cambria,35.5641,-121.0808,16.23,73,94,3.13,US,1709588967
178,el jadid,33.2549,-8.506,15.37,85,100,4.95,MA,1709588967
179,arenapolis,-14.4503,-56.8461,26.72,73,99,1.1,BR,1709588968
180,afif,23.9065,42.9172,16.53,25,0,4.55,SA,1709588968
181,tolanaro,-25.0319,46.9987,24.91,92,77,5.38,MG,1709588968
182,hawaiian paradise park,19.5933,-154.9731,22.72,83,100,0.55,US,1709588968
183,kiunga,-6.1219,141.2906,24.54,97,98,0.76,PG,1709588969
184,sao vicente,-23.9631,-46.3919,27.93,56,29,1.34,BR,1709588769
185,huarmey,-10.0681,-78.1522,25.15,74,90,3.97,PE,1709588969
186,magadan,59.5667,150.8,-12.26,76,100,2.17,RU,1709588969
187,atafu village,-8.5421,-172.5159,29.1,74,96,3.74,TK,1709588969
188,arrah,25.5667,84.6667,15.17,47,0,3.8,IN,1709588970
189,tura,25.5198,90.2201,17.76,72,50,1.48,IN,1709588970
190,vernon,50.2581,-119.2691,4.57,52,99,2.24,CA,1709588970
191,taoudenni,22.6783,-3.9836,24.64,8,0,4.97,ML,1709588970
192,patong,7.8961,98.2966,26.94,72,100,2.66,TH,1709588971
193,haiku-pauwela,20.9219,-156.3051,24.47,72,98,3.58,US,1709588971
194,severo-yeniseyskiy,60.3725,93.0408,-18.83,99,94,1.84,RU,1709588971
195,vushtrri,42.8231,20.9675,11.35,77,100,4.49,XK,1709588971
196,carutapera,-1.195,-46.02,24.86,90,93,0.89,BR,1709588971
197,yerofey pavlovich,53.9667,121.9667,-24.32,96,13,1.69,RU,1709588973
198,puerto baquerizo moreno,-0.9,-89.6,26.25,68,7,0.64,EC,1709588973
199,ust-nera,64.5667,143.2,-22.76,99,99,0.64,RU,1709588973
200,susuman,62.7833,148.1667,-19.45,97,100,1.34,RU,1709588973
201,enewetak,11.3474,162.3373,26.47,77,10,9.96,MH,1709588975
202,tabuk,17.4189,121.4443,21.19,95,19,1.44,PH,1709588975
203,crucecita,-28.95,-58.9833,23.46,76,95,3.98,AR,1709588975
204,port lincoln,-34.7333,135.8667,22.4,50,5,1.81,AU,1709588975
205,alofi,-19.0595,-169.9187,27.24,81,100,7.2,NU,1709588975
206,belmonte,-15.8631,-38.8828,26.85,81,69,2.18,BR,1709588976
207,egilsstadir,65.2653,-14.3948,2.94,97,86,2.44,IS,1709588976
208,alo,7.4178,6.7371,31.99,46,95,3.21,NG,1709588976
209,port saint john's,-31.6229,29.5448,24.81,80,100,0.6,ZA,1709588976
210,niamey,13.5137,2.1098,31.75,10,8,4.55,NE,1709588977
211,aasiaat,68.7098,-52.8699,-22.54,82,24,1.59,GL,1709588977
212,vilyuchinsk,52.9306,158.4028,-9.0,84,42,3.31,RU,1709588977
213,l'isle-jourdain,43.6144,1.0817,8.28,92,96,3.77,FR,1709588977
214,lorengau,-2.0226,147.2712,27.07,81,68,1.34,PG,1709588978
215,gulf shores,30.246,-87.7008,20.59,77,100,3.58,US,1709588978
216,constantia,44.1833,28.65,5.39,84,14,3.54,RO,1709588978
217,booue,-0.0921,11.9385,25.1,89,18,1.46,GA,1709588978
218,kalaleh,37.3807,55.4916,5.62,78,74,0.12,IR,1709588978
219,polyarnyy,69.1989,33.4478,-8.3,100,99,2.78,RU,1709588979
220,murwillumbah,-28.3167,153.4,21.66,94,100,2.01,AU,1709588979
221,lubango,-14.9172,13.4925,18.04,84,65,1.91,AO,1709588979
222,namibe,-15.1961,12.1522,23.96,81,86,1.94,AO,1709588979
223,jianguang,28.1938,115.7836,13.21,98,100,3.14,CN,1709588980
224,stephenville,32.2207,-98.2023,28.81,48,63,1.79,US,1709588757
225,eslov,55.8393,13.3039,3.1,79,6,5.58,SE,1709588980
226,simanggang,1.2472,111.4528,25.57,100,93,0.34,MY,1709588980
227,san julian,21.0167,-102.1667,25.91,14,15,7.7,MX,1709588981
228,bandiagara,14.3501,-3.6104,28.97,10,88,5.17,ML,1709588981
229,villa gesell,-37.2639,-56.973,19.47,56,21,12.01,AR,1709588981
230,charlestown,-32.95,151.6667,22.14,74,74,0.45,AU,1709588981
231,weno,7.4515,151.8468,27.52,78,98,8.83,FM,1709588982
232,oriximina,-1.7656,-55.8661,25.73,87,100,1.18,BR,1709588982
233,eau claire,44.8114,-91.4985,2.83,95,100,1.34,US,1709588695
234,illizi,26.4833,8.4667,16.23,25,0,2.86,DZ,1709588982
235,keetmanshoop,-26.5833,18.1333,16.65,57,24,7.36,NA,1709588982
236,copala,16.65,-98.9833,29.11,51,8,4.87,MX,1709588983
237,komyshuvakha,47.7176,35.5288,3.09,81,36,3.21,UA,1709588983
238,yass,-34.8333,148.9167,14.35,87,1,3.53,AU,1709588983
239,wynyard,-41.0,145.7167,13.82,71,54,4.51,AU,1709588984
240,nantucket,41.2835,-70.0995,6.67,97,100,6.24,US,1709588904
241,antofagasta,-23.65,-70.4,22.02,70,4,2.31,CL,1709588873
242,brezina,33.0989,1.2608,11.43,55,0,2.91,DZ,1709588984
243,shalkar,47.8288,59.6258,-8.73,87,57,1.77,KZ,1709588984
244,khuzdar,27.7384,66.6434,8.22,36,45,0.95,PK,1709588985
245,sampacho,-33.3839,-64.7221,23.09,52,20,5.4,AR,1709588985
246,ilebo,-4.3167,20.5833,23.07,93,99,0.94,CD,1709588985
247,jonquiere,48.4165,-71.2488,0.71,83,100,3.39,CA,1709588697
248,liaocheng,36.4439,115.9647,4.04,80,100,5.2,CN,1709588986
249,korla,41.7597,86.1469,-0.55,48,25,1.79,CN,1709588939
250,ancud,-41.8697,-73.8203,16.14,66,2,3.0,CL,1709588853
251,almafuerte,-32.193,-64.2556,23.31,10,46,3.57,AR,1709588986
252,peace river,56.2501,-117.286,-15.02,80,100,2.9,CA,1709588987
253,taipei,25.0478,121.5319,20.58,60,10,0.45,TW,1709588928
254,vega de alatorre,20.0333,-96.6333,26.78,75,70,2.56,MX,1709588987
255,lompoc,34.6391,-120.4579,18.77,67,82,4.47,US,1709588987
256,san pedro pochutla,15.7333,-96.4667,30.87,42,6,5.34,MX,1709588988
257,iskateley,67.6803,53.1512,-16.16,98,87,3.46,RU,1709588988
258,as sulayyil,20.4607,45.5779,24.13,26,3,5.7,SA,1709588988
259,maiyama,12.0841,4.3677,31.23,15,41,2.57,NG,1709588988
260,nalhati,24.3,87.8167,21.48,55,0,3.49,IN,1709588988
261,janauba,-15.8025,-43.3089,24.05,86,96,0.84,BR,1709588989
262,ravenna,44.4167,11.9833,10.9,92,100,4.66,IT,1709588989
263,baran',54.4764,30.3181,-0.76,92,100,3.35,BY,1709588989
264,vorkuta,67.5,64.0,-22.27,100,87,1.72,RU,1709588989
265,sola,-13.8833,167.55,28.41,79,99,7.74,VU,1709588989
266,mejit,10.2753,170.8646,26.71,78,60,10.41,MH,1709588990
267,hengchun,22.0042,120.7439,24.42,87,4,3.68,TW,1709588990
268,uturoa,-16.7333,-151.4333,28.71,75,38,7.05,PF,1709588990
269,rio grande,-32.035,-52.0986,21.08,55,87,5.33,BR,1709588990
270,dudinka,69.4058,86.1778,-24.62,100,90,0.89,RU,1709588991
271,kazerun,29.6195,51.6541,10.35,82,32,0.55,IR,1709588991
272,tutoia,-2.7619,-42.2744,26.54,78,68,1.4,BR,1709588991
273,cannonvale,-20.2833,148.7,26.63,81,53,5.44,AU,1709588991
274,hillsdale,41.0026,-74.0404,15.1,73,92,1.34,US,1709588991
275,kodiak,57.79,-152.4072,1.16,100,100,2.97,US,1709588992
276,yarmouth,41.7057,-70.2286,6.67,95,100,4.47,US,1709588840
277,nova sintra,14.8667,-24.7167,19.8,73,9,7.62,CV,1709588992
278,okhotsk,59.3833,143.3,-20.94,87,31,4.01,RU,1709588992
279,la ronge,55.1001,-105.2842,-14.9,88,100,3.9,CA,1709588992
280,shetpe,44.1667,52.1167,0.31,41,0,2.97,KZ,1709588993
281,kendari,-3.945,122.4989,24.99,93,82,1.25,ID,1709588993
282,lubang,13.8584,120.124,26.2,80,3,9.02,PH,1709588993
283,laojunmiao,39.8333,97.7333,-7.24,75,100,0.17,CN,1709588993
284,spring creek,40.7266,-115.5859,-0.89,63,78,1.34,US,1709588994
285,timaru,-44.4,171.25,15.04,24,100,4.02,NZ,1709588994
286,gadzhiyevo,69.2551,33.3362,-8.02,100,99,2.9,RU,1709588994
287,cabo san lucas,22.8909,-109.9124,28.12,54,47,4.19,MX,1709588696
288,akureyri,65.6835,-18.0878,2.32,82,76,4.59,IS,1709588994
289,touros,-5.1989,-35.4608,27.55,78,96,2.87,BR,1709588995
290,angul,20.85,85.1,21.64,87,20,0.88,IN,1709588995
291,sitka,57.0531,-135.33,-2.52,54,71,1.39,US,1709588995
292,zemio,5.0314,25.1361,27.51,29,86,1.25,CF,1709588995
293,roye,49.7004,2.7896,5.92,85,100,3.25,FR,1709588996
294,chokwe,-24.5333,32.9833,26.01,70,0,4.37,MZ,1709588996
295,vila velha,-20.3297,-40.2925,25.75,85,94,2.57,BR,1709588996
296,amble,55.3333,-1.5833,6.84,91,95,10.53,GB,1709588997
297,morondava,-20.2833,44.2833,27.51,83,100,1.62,MG,1709588997
298,georgetown,5.4112,100.3354,26.66,88,86,1.34,MY,1709588997
299,fort bragg,35.139,-79.006,19.69,71,99,1.79,US,1709588997
300,uruacu,-14.5247,-49.1408,23.46,91,79,0.6,BR,1709588998
301,wewak,-3.5534,143.6268,26.33,87,91,1.43,PG,1709588998
302,goz beida,13.95,20.55,28.96,13,1,4.6,TD,1709588998
303,mogadishu,2.0371,45.3438,27.35,87,91,7.97,SO,1709588872
304,itaituba,-4.2761,-55.9836,25.57,86,100,0.59,BR,1709588998
305,bryne,58.7354,5.6477,6.1,61,11,13.31,NO,1709588911
306,paracuru,-3.41,-39.0306,26.06,83,95,2.52,BR,1709589000
307,kapuskasing,49.4169,-82.4331,5.11,97,100,2.17,CA,1709589000
308,itapirapua,-15.8233,-50.6133,25.28,81,83,1.49,BR,1709589000
309,dunedin,-45.8742,170.5036,9.89,68,100,8.94,NZ,1709589001
310,san andres,12.5847,-81.7006,27.08,76,72,4.57,CO,1709589002
311,hadibu,12.65,54.0333,25.28,79,34,2.88,YE,1709589002
312,sos'va,59.1766,61.8558,-2.19,84,79,4.92,RU,1709589003
313,taltal,-25.4,-70.4833,22.34,73,26,2.99,CL,1709588833
314,lensk,60.7253,114.9278,-12.52,95,100,2.65,RU,1709589003
315,bagan serai,5.0108,100.541,26.68,94,73,0.87,MY,1709589004
316,wakkanai,45.4094,141.6739,-3.84,68,100,3.13,JP,1709589004
317,general pico,-35.6566,-63.7568,26.48,27,0,1.98,AR,1709589004
318,lobujya,27.95,86.8167,-20.22,25,0,1.95,NP,1709589004
319,meadow lake,34.8014,-106.5436,18.12,16,0,9.34,US,1709589004
320,robore,-18.3333,-59.75,25.93,82,100,0.65,BO,1709589005
321,puerto armuelles,8.2833,-82.8667,30.09,61,60,0.45,PA,1709589005
322,lago da pedra,-4.3333,-45.1667,22.97,96,100,0.69,BR,1709589005
323,bilibino,68.0546,166.4372,-17.47,95,100,0.51,RU,1709589006
324,makhambet,47.6667,51.5833,-0.97,60,0,2.89,KZ,1709589006
325,kavieng,-2.5744,150.7967,27.98,74,95,0.89,PG,1709589006
326,wad az zaki,14.4619,32.2065,23.96,9,11,5.52,SD,1709589006
327,namtsy,62.7161,129.6658,-33.88,100,100,0.82,RU,1709589007
328,tessaoua,13.7574,7.9874,28.44,11,56,4.52,NE,1709589007
329,pingshan,22.9938,114.7131,21.26,90,83,2.71,CN,1709589007
330,lisala,2.15,21.5167,24.67,62,23,1.06,CD,1709589007
331,vegreville,53.5001,-112.0518,-19.19,81,100,6.08,CA,1709588732
332,kandri,21.4167,79.2667,20.25,21,3,3.99,IN,1709589008
333,mokrous,51.2333,47.5167,-12.54,97,18,1.09,RU,1709589008
334,indramayu,-6.3264,108.32,26.93,83,100,2.22,ID,1709589008
335,la tuque,47.4334,-72.7824,3.38,86,99,2.79,CA,1709589009
336,st. john's,47.5649,-52.7093,-3.45,72,4,1.34,CA,1709588881
337,seaside,36.6111,-121.8516,16.32,59,100,2.68,US,1709588768
338,laguna,38.421,-121.4238,14.47,64,100,0.89,US,1709589009
339,kilju,40.9642,129.3278,-1.32,52,100,1.74,KP,1709589010
340,sabalgarh,26.25,77.4,13.22,30,0,2.86,IN,1709589010
341,juigne,47.7188,-0.3941,6.1,96,78,3.52,FR,1709589010
342,le grau-du-roi,43.5388,4.1356,8.33,82,100,2.68,FR,1709589010
343,taulaga,-11.0553,-171.0883,29.14,74,100,5.5,AS,1709589010
344,aktobe,50.2797,57.2072,-17.36,99,40,1.24,KZ,1709589011
345,santana,-0.0583,-51.1817,25.5,90,100,1.51,BR,1709589011
346,guerrero negro,27.9769,-114.0611,18.04,58,0,11.69,MX,1709589012
347,new kingman-butler,35.265,-114.0323,15.46,26,10,2.24,US,1709589012
348,jalqani,12.4486,34.2186,28.02,12,91,4.25,SD,1709589013
349,greenland,43.0362,-70.8328,8.8,86,100,1.34,US,1709589013
350,mar del plata,-38.0023,-57.5575,17.75,65,5,5.36,AR,1709588890
351,castillos,-34.1667,-53.8333,18.6,58,0,5.52,UY,1709589013
352,saint-pierre,-21.3393,55.4781,26.74,84,94,3.38,RE,1709589014
353,caleta de carquin,-11.0925,-77.6267,25.23,76,99,4.41,PE,1709589014
354,maun,-19.9833,23.4167,26.24,26,73,1.86,BW,1709589015
355,al kharijah,25.4514,30.5464,17.65,32,2,3.78,EG,1709589015
356,geraldton,-28.7667,114.6,21.04,84,0,5.8,AU,1709589016
357,panama city beach,30.1766,-85.8055,25.72,78,81,2.24,US,1709589016
358,san vicente de canete,-13.0751,-76.3835,24.83,77,86,3.18,PE,1709589006
359,kenai,60.5544,-151.2583,-4.95,87,100,3.25,US,1709589016
360,la sarre,48.8002,-79.1996,2.91,100,100,2.95,CA,1709588964
361,"laikit, laikit ii (dimembe)",1.4792,124.9735,22.8,98,100,0.8,ID,1709589017
362,makar'yev,57.8797,43.8069,-1.64,95,100,1.85,RU,1709589017
363,kourou,5.1552,-52.6478,26.14,81,99,3.02,GF,1709589018
364,smithers,54.7804,-127.1743,-7.69,65,63,0.85,CA,1709589018
365,fort mcmurray,56.7268,-111.381,-15.68,91,100,3.2,CA,1709589018
366,cadale,2.7603,46.3222,27.46,85,93,8.3,SO,1709589019
367,lake munmorah,-33.1936,151.5719,22.11,72,91,0.89,AU,1709589020
368,al qusayr,34.5091,36.5798,9.33,83,4,1.04,SY,1709589020
369,nova vicosa,-17.8919,-39.3719,25.79,85,53,3.2,BR,1709589021
370,waimea,20.0231,-155.6717,19.14,91,100,4.47,US,1709589021
371,ostersund,63.1792,14.6357,0.34,89,100,1.34,SE,1709589022
372,petoskey,45.3733,-84.9553,13.4,71,56,0.81,US,1709588917
373,ferkessedougou,9.6,-5.2,32.5,32,60,1.07,CI,1709589022
374,refahiye,39.9008,38.7667,1.56,79,48,0.73,TR,1709589023
375,yuzhno-kurilsk,44.0306,145.8556,-5.35,79,21,2.82,RU,1709589024
376,bardai,11.65,7.2333,28.08,15,92,4.01,NG,1709589024
377,nabire,-3.3667,135.4833,25.46,91,100,1.15,ID,1709589024
378,peno,56.9262,32.7426,-4.69,98,100,1.16,RU,1709589025
379,antsiranana,-12.2787,49.2917,24.77,90,100,1.08,MG,1709589025
380,verkhovazh'ye,60.7472,42.0465,-7.14,92,85,3.97,RU,1709589026
381,launceston,-41.45,147.1667,10.64,65,19,1.37,AU,1709589026
382,guarapari,-20.6667,-40.4975,24.28,90,65,2.91,BR,1709588794
383,nsanje,-16.92,35.262,24.23,98,100,0.63,MW,1709589027
384,moses lake,47.1301,-119.2781,8.82,29,69,4.87,US,1709588801
385,horta,38.5333,-28.6333,11.68,82,89,1.34,PT,1709589027
386,naze,28.3667,129.4833,19.7,84,100,7.87,JP,1709589027
387,navolato,24.7672,-107.6944,29.91,18,96,5.71,MX,1709589028
388,qui nhon,13.7667,109.2333,22.31,84,12,2.72,VN,1709589028
389,kant,27.8,79.8,12.96,43,13,3.52,IN,1709589028
390,arkhangel'sk,64.5401,40.5433,-4.38,92,98,1.48,RU,1709589028
391,afaahiti,-17.75,-149.2833,27.12,77,93,6.39,PF,1709589029
392,pingliang,35.5392,106.6861,0.0,42,83,4.62,CN,1709589029
393,shenkursk,62.1091,42.896,-8.81,91,100,3.94,RU,1709589029
394,manta,-0.95,-80.7333,25.56,89,86,4.92,EC,1709588779
395,amos,48.5669,-78.1162,4.35,98,100,3.78,CA,1709589029
396,troitskoye,52.9821,84.6757,-6.08,94,100,6.21,RU,1709589030
397,tabou,4.423,-7.3528,27.23,88,31,2.53,CI,1709589030
398,veraval,20.9,70.3667,19.64,27,0,4.17,IN,1709589030
399,farshut,26.0549,32.1633,17.17,25,3,2.63,EG,1709589030
400,pontes e lacerda,-15.2261,-59.3353,23.7,97,100,2.16,BR,1709589031
401,puerto deseado,-47.7503,-65.8938,12.07,72,0,3.5,AR,1709589031
402,fairbanks,64.8378,-147.7164,-7.17,45,98,1.18,US,1709589031
403,bureya,49.8133,129.8131,-26.7,100,63,0.15,RU,1709589031
404,priargunsk,50.3691,119.1012,-31.29,100,87,0.42,RU,1709589031
405,undurkhaan,47.3194,110.6556,-23.76,99,57,1.82,MN,1709589032
406,zhezqazghan,47.7833,67.7667,-17.53,99,98,0.97,KZ,1709589032
407,meghraj,23.5,73.5,16.4,16,0,4.39,IN,1709589032
408,ayr,55.4627,-4.6339,6.39,79,96,10.0,GB,1709589032
409,santo antonio,-6.3106,-35.4789,26.43,80,77,3.51,BR,1709589034
410,conceicao do araguaia,-8.2578,-49.2647,23.27,94,95,1.4,BR,1709589034
411,porto novo,6.4965,2.6036,27.6,78,48,4.15,BJ,1709589034
412,kimbe,-5.5502,150.1429,26.71,89,100,0.82,PG,1709589035
413,oltinko'l,40.8011,72.1634,1.65,65,80,1.98,UZ,1709589035
414,fort saskatchewan,53.7168,-113.2187,-16.11,59,100,5.52,CA,1709588819
415,machico,32.7,-16.7667,17.06,86,92,3.99,PT,1709589036
416,grants,35.1473,-107.8514,11.65,25,1,9.93,US,1709589036
417,manokwari,-0.8667,134.0833,26.14,85,99,1.0,ID,1709589039
418,borzya,50.3833,116.5167,-26.7,100,60,0.41,RU,1709589039
419,nikolayevsk-on-amure,53.1406,140.73,-16.88,98,90,1.55,RU,1709589040
420,ben gardane,33.1378,11.2197,14.57,31,0,5.02,TN,1709589040
421,archangelos,36.2149,28.1149,13.5,82,1,4.15,GR,1709589040
422,belyy yar,53.6039,91.3903,-5.43,79,100,6.26,RU,1709589041
423,ouargla,31.9493,5.325,15.21,31,0,2.38,DZ,1709589041
424,magong,23.5654,119.5863,21.17,99,3,5.24,TW,1709589042
425,anar darah,32.7587,61.654,8.4,41,100,1.68,AF,1709589042
426,nikfer,37.4054,29.1373,5.82,87,2,2.2,TR,1709589042
427,ilinge,-31.9768,27.0427,16.8,81,53,2.43,ZA,1709589042
428,sosnovo-ozerskoye,52.5249,111.5418,-28.29,100,92,1.35,RU,1709589043
429,vadso,70.0744,29.7487,-3.34,91,93,3.25,NO,1709589043
430,sept-iles,50.2001,-66.3821,-8.92,77,100,0.56,CA,1709589043
431,kailua-kona,19.6406,-155.9956,25.84,87,100,1.34,US,1709589043
432,opuwo,-18.0607,13.84,24.02,43,57,3.32,NA,1709589044
433,eureka,40.8021,-124.1637,9.55,91,100,1.79,US,1709588925
434,ulaangom,49.9811,92.0667,-19.87,95,100,1.11,MN,1709589044
435,miranda,3.2499,-76.2281,25.52,77,67,0.85,CO,1709589044
436,dongsheng,39.8161,109.9776,-2.84,91,97,6.14,CN,1709589044
437,sisimiut,66.9395,-53.6735,-15.4,77,17,3.46,GL,1709589045
438,martuk,50.7475,56.5056,-18.07,100,71,0.95,KZ,1709589045
439,alpine,32.835,-116.7664,16.24,65,80,1.79,US,1709589045
440,mwinilunga,-11.7358,24.4293,17.79,97,99,1.27,ZM,1709589045
441,bengkulu,-3.8004,102.2655,24.34,92,100,1.33,ID,1709589046
442,slonim,53.0867,25.3219,2.47,96,100,5.63,BY,1709589046
443,kilindoni,-7.9139,39.6668,26.99,81,100,2.05,TZ,1709589046
444,maintirano,-18.0667,44.0167,26.18,89,100,4.24,MG,1709589046
445,el nido,11.1858,119.3956,25.8,82,5,5.35,PH,1709589047
446,prince albert,53.2001,-105.7677,-13.96,77,100,6.48,CA,1709588996
447,uliastay,47.7417,96.8444,-22.83,78,46,3.36,MN,1709589047
448,ngorongoro,-3.2397,35.4875,13.34,92,100,1.1,TZ,1709589047
449,nuriootpa,-34.4833,139.0,23.76,30,0,2.95,AU,1709589048
450,penaranda de bracamonte,40.9011,-5.2003,5.75,84,26,5.64,ES,1709589048
451,kabare,-2.4683,28.8242,17.59,95,85,0.83,CD,1709589048
452,pangai,-19.8,-174.35,28.06,73,78,5.17,TO,1709589048
453,coahuayana de hidalgo,18.7,-103.6583,29.68,40,56,3.26,MX,1709589048
454,chilliwack,49.1747,-121.9443,4.32,87,97,2.68,CA,1709588961
455,zaragoza,41.6561,-0.8773,12.23,63,4,2.68,ES,1709588795
456,coos bay,43.3665,-124.2179,7.86,97,100,2.49,US,1709589049
457,mirny,62.5353,113.9611,-17.65,84,100,3.13,RU,1709589049
458,gafsa,34.425,8.7842,11.99,44,1,3.03,TN,1709589050
459,'alaqahdari dishu,30.4374,63.313,10.74,35,100,3.89,AF,1709589050
460,piti village,13.4626,144.6933,27.06,84,67,6.44,GU,1709589050
461,champerico,14.3,-91.9167,29.74,59,26,6.45,GT,1709589050
462,woods creek,47.8787,-121.8985,8.06,75,89,1.34,US,1709589050
463,stolin,51.8912,26.846,4.83,78,100,4.95,BY,1709589051
464,fortuna,40.5982,-124.1573,9.4,91,100,3.58,US,1709589051
465,khandyga,62.6667,135.6,-37.45,100,95,0.83,RU,1709589051
466,heggadadevankote,12.0883,76.3283,21.44,88,15,0.51,IN,1709589051
467,colonia,50.9333,6.95,9.42,79,100,1.51,DE,1709589052
468,grand falls-windsor,48.9332,-55.6649,-1.39,36,4,2.74,CA,1709589052
469,aykhal,66.0,111.5,-19.29,100,99,1.61,RU,1709588785
470,salinas,36.6777,-121.6555,16.02,55,100,1.34,US,1709589051
471,priob'ye,62.5206,65.5964,-10.71,95,100,5.28,RU,1709589052
472,recife,-8.0539,-34.8811,28.49,73,18,3.79,BR,1709589053
473,ta`u,-14.2336,-169.5144,28.61,78,23,6.51,AS,1709589053
474,ghadamis,30.1337,9.5007,13.08,29,0,3.71,LY,1709589053
475,sittwe,20.15,92.9,22.75,59,11,4.34,MM,1709589053
476,molina,-35.1167,-71.2833,31.98,9,0,2.67,CL,1709589053
477,basudebpur,21.1353,86.7386,22.2,82,19,2.87,IN,1709589054
478,chachersk,52.9164,30.9179,1.03,86,100,2.85,BY,1709589054
479,gamay,12.3854,125.2979,24.28,82,56,2.83,PH,1709589054
480,greenville,35.6127,-77.3663,13.41,98,100,1.79,US,1709588605
481,saudarkrokur,65.7461,-19.6394,2.4,80,100,4.54,IS,1709589054
482,ailuk,10.2197,169.9797,26.58,78,77,10.83,MH,1709589055
483,montdidier,49.75,2.5833,6.86,84,100,3.96,FR,1709589055
484,road town,18.4167,-64.6167,25.74,62,2,6.7,VG,1709589055
485,kismayo,-0.3582,42.5454,28.18,80,83,6.75,SO,1709589055
486,gulariya,28.2333,81.3333,14.74,76,0,2.66,NP,1709589056
487,livingston,55.9029,-3.5226,5.88,86,98,5.53,GB,1709588843
488,margate,51.3813,1.3862,8.83,77,100,2.68,GB,1709589056
489,shingu,33.7333,135.9833,7.84,93,100,2.69,JP,1709589056
490,la dorada,5.4478,-74.6631,32.29,61,31,1.28,CO,1709589005
491,quetigny,47.3167,5.1167,6.4,90,100,2.21,FR,1709588853
492,raja,8.4596,25.678,26.95,17,4,1.07,SS,1709589057
493,kavali,14.9167,79.9833,22.42,88,46,2.47,IN,1709589057
494,langres,47.8333,5.3333,4.55,93,100,2.08,FR,1709589057
495,mongo,12.1844,18.693,30.4,15,2,3.17,TD,1709589057
496,hobyo,5.3505,48.5268,27.82,73,100,6.37,SO,1709589058
497,maasin,10.1336,124.8447,24.55,81,15,3.65,PH,1709589058
498,lahad datu,5.0268,118.327,23.13,92,8,0.64,MY,1709589058
499,dolores,-36.3132,-57.6792,19.04,49,0,0.8,AR,1709589058
500,nagqu,31.5,92.0,-8.28,29,4,1.32,CN,1709589059
501,dongning,44.0622,131.1207,-9.74,71,5,2.17,CN,1709589059
502,belize city,17.4995,-88.1976,28.9,76,27,4.02,BZ,1709589059
503,matoury,4.8483,-52.3317,25.93,84,100,2.78,GF,1709589060
504,emerald,-23.5333,148.1667,24.08,81,60,4.39,AU,1709589061
505,bikenibeu village,1.3673,173.1241,28.1,81,100,7.34,KI,1709589061
506,mandera,3.9366,41.867,30.59,51,78,9.18,KE,1709589061
507,iquique,-20.2208,-70.1431,22.49,78,100,2.98,CL,1709588786
508,trincomalee,8.5711,81.2335,26.08,74,18,3.24,LK,1709589062
509,cockburn town,21.4612,-71.1419,24.61,77,7,8.56,TC,1709589063
510,mount gambier,-37.8333,140.7667,16.98,29,0,2.45,AU,1709589063
511,las tablas,7.7667,-80.2833,32.87,99,28,4.73,PA,1709589063
512,chanar ladeado,-33.3252,-62.0383,23.22,46,0,1.97,AR,1709589063
513,mossel bay,-34.1831,22.146,17.68,88,92,15.14,ZA,1709589064
514,lysianka,49.2523,30.8295,3.11,81,77,2.79,UA,1709589064
515,siwa oasis,29.2041,25.5195,18.44,22,0,3.59,EG,1709589064
516,plato,9.7903,-74.7824,35.54,39,27,5.84,CO,1709589046
517,luderitz,-26.6481,15.1594,17.23,83,58,6.43,NA,1709589065
518,nasir,15.5894,32.5634,24.92,9,1,5.68,SD,1709589065
519,el calafate,-50.3408,-72.2768,14.44,56,81,2.3,AR,1709589065
520,barcelos,41.5388,-8.6151,11.58,89,34,2.15,PT,1709589065
521,napier,-39.4833,176.9167,19.04,49,30,3.58,NZ,1709589066
522,zambezi,-13.5432,23.1047,20.69,87,88,2.01,ZM,1709589066
523,ash shamiyah,31.9636,44.599,14.58,40,0,4.53,IQ,1709589066
524,blackwater,-23.5833,148.8833,24.93,72,13,4.88,AU,1709589066
525,surab,28.4914,66.2585,4.61,36,87,2.08,PK,1709589067
526,nema,57.5067,50.5011,-1.98,94,97,3.47,RU,1709589067
527,broken hill,-31.95,141.4333,22.98,18,99,2.89,AU,1709588848
528,arteche,12.2645,125.4048,23.93,84,17,2.91,PH,1709589067
529,takoradi,4.8845,-1.7554,27.02,83,50,2.15,GH,1709589068
530,gibara,21.1097,-76.1317,26.87,66,41,7.23,CU,1709589068
531,sinop,41.7711,34.8709,5.97,90,42,2.86,TR,1709589069
532,kangding,30.0513,101.9603,6.14,59,1,2.75,CN,1709589070
533,umm kaddadah,13.6017,26.6876,21.54,10,13,5.33,SD,1709589070
534,quellon,-43.1167,-73.6167,15.19,66,5,3.82,CL,1709589070
535,cedeira,43.6797,-8.0209,9.99,77,60,10.03,ES,1709589071
536,kolonia town,6.964,158.206,28.07,75,95,9.47,FM,1709589071
537,gorgan,36.8387,54.4348,6.62,83,97,0.96,IR,1709589071
538,kokopo,-4.352,152.2633,25.99,85,98,2.12,PG,1709589071
539,yangjiang,21.85,111.9667,21.68,93,97,2.49,CN,1709589072
540,ouanaminthe,19.55,-71.7333,28.6,56,12,5.27,HT,1709589072
541,pisco,-13.7,-76.2167,26.68,72,72,4.79,PE,1709589072
542,yeed,4.55,43.0333,28.6,57,65,8.42,SO,1709589072
543,buka,40.8108,69.1986,2.97,62,100,1.31,UZ,1709589073
544,nelson bay,-32.7167,152.15,22.78,67,7,1.34,AU,1709589073
545,tarawa,1.419,172.984,28.29,81,100,7.34,KI,1709589073
546,taquari,-29.7997,-51.8644,20.72,72,100,3.45,BR,1709588960
547,mora,11.0461,14.1401,28.69,15,26,2.01,CM,1709589074
548,rantauprapat,2.1,99.8333,23.26,97,99,0.83,ID,1709589074
549,klaksvik,62.2266,-6.589,6.66,91,99,7.53,FO,1709589075
550,coquimbo,-29.9533,-71.3436,19.4,78,8,2.59,CL,1709589075
551,dubti,11.7361,41.0853,28.63,60,71,3.99,ET,1709589075
552,kerikeri,-35.2268,173.9474,18.84,88,49,0.89,NZ,1709589075
553,novouzensk,50.4592,48.1431,-10.47,96,73,1.31,RU,1709589076
554,madera,37.1666,-119.8343,16.35,57,89,2.89,US,1709589076
555,tefe,-3.3542,-64.7114,26.28,92,84,0.32,BR,1709589076
556,zadar,44.1197,15.2422,11.71,79,90,1.37,HR,1709589077
557,santo amaro da imperatriz,-27.6881,-48.7786,24.25,87,100,1.69,BR,1709589077
558,madalena,41.2162,-8.3345,10.81,92,39,1.24,PT,1709589077
559,pangoa,-12.1167,-73.0,24.99,94,66,1.26,PE,1709589078
560,al jubayl,27.0112,49.6583,19.47,53,0,3.42,SA,1709589078
561,steinbach,50.1667,8.5667,9.22,85,100,0.9,DE,1709589078
562,noumea,-22.2763,166.4572,27.22,99,100,1.88,NC,1709588893
563,divrigi,39.371,38.1137,5.89,72,10,1.1,TR,1709589079
564,pangody,65.85,74.4859,-26.59,100,98,0.51,RU,1709589079
565,olinda,-8.0089,-34.8553,28.44,73,19,3.98,BR,1709589080
566,ridder,50.355,83.5133,-13.18,93,100,2.52,KZ,1709589080
567,hachinohe,40.5,141.5,-1.48,69,57,4.63,JP,1709589080
568,nadi,-17.8,177.4167,30.76,60,87,0.38,FJ,1709589081
569,ixtapa,20.7,-105.2,26.24,71,48,1.79,MX,1709589081
570,gamba,-2.65,10.0,26.26,85,92,0.4,GA,1709589082
571,puerto francisco de orellana,-0.4667,-76.9667,25.93,93,44,1.68,EC,1709589083
572,hawera,-39.5917,174.2833,12.59,79,78,9.1,NZ,1709589048
573,semera,11.501,41.201,25.53,66,50,4.74,ET,1709589083
574,dryden,49.7833,-92.7503,-5.97,76,99,5.7,CA,1709589084
575,taber,49.8167,-112.1518,-11.74,70,100,3.09,CA,1709589084
576,east london,-33.0153,27.9116,21.6,81,85,3.1,ZA,1709589085
577,fisterra,42.9049,-9.2629,9.86,66,73,9.36,ES,1709589085
578,butte,39.6499,-121.5677,10.16,63,100,3.83,US,1709589086
579,jeju city,33.5097,126.5219,11.55,90,100,9.19,KR,1709589086
580,greymouth,-42.4667,171.2,11.81,76,77,2.06,NZ,1709589087
581,cananeia,-25.0147,-47.9267,25.08,85,37,2.12,BR,1709589087
582,porto tolle,44.9497,12.3245,10.69,84,99,6.31,IT,1709589087
583,dara,15.3484,-15.4799,26.9,17,3,4.32,SN,1709589088
584,hammerfest,70.6634,23.6821,-2.92,83,46,2.8,NO,1709589088
585,timimoun,29.2639,0.231,17.19,29,0,3.91,DZ,1709589089
586,nadym,65.5333,72.5167,-25.5,100,96,2.73,RU,1709589089
587,petrozavodsk,61.7849,34.3469,-5.83,94,35,2.24,RU,1709589090
588,box elder,41.5005,-112.8764,0.7,38,71,9.09,US,1709589090
589,edd,13.9297,41.6925,26.76,84,44,1.58,ER,1709589091
590,tazacorte,28.629,-17.9293,17.65,69,25,5.94,ES,1709589091
591,songjiang,31.036,121.2146,11.7,99,95,1.68,CN,1709589091
